id;Factor;Power;Time;ROI;Frequency;Eyes
1;ALPHA_aucp_PRE_EC_midline;0.4354;Pre;Midline;Alpha;EC
2;ALPHA_aucp_PRE_EC_midline;0.50774;Pre;Midline;Alpha;EC
3;ALPHA_aucp_PRE_EC_midline;0.43263999999999997;Pre;Midline;Alpha;EC
4;ALPHA_aucp_PRE_EC_midline;0.36458;Pre;Midline;Alpha;EC
5;ALPHA_aucp_PRE_EC_midline;0.15742;Pre;Midline;Alpha;EC
6;ALPHA_aucp_PRE_EC_midline;0.1983;Pre;Midline;Alpha;EC
7;ALPHA_aucp_PRE_EC_midline;0.1337;Pre;Midline;Alpha;EC
8;ALPHA_aucp_PRE_EC_midline;0.1143;Pre;Midline;Alpha;EC
9;ALPHA_aucp_PRE_EC_midline;0.128;Pre;Midline;Alpha;EC
10;ALPHA_aucp_PRE_EC_midline;0.18952;Pre;Midline;Alpha;EC
11;ALPHA_aucp_PRE_EC_midline;0.17046;Pre;Midline;Alpha;EC
12;ALPHA_aucp_PRE_EC_midline;0.31978;Pre;Midline;Alpha;EC
13;ALPHA_aucp_PRE_EC_midline;0.26132;Pre;Midline;Alpha;EC
14;ALPHA_aucp_PRE_EC_midline;0.18528;Pre;Midline;Alpha;EC
1;ALPHA_aucp_POST_EC_midline;0.43308;Post;Midline;Alpha;EC
2;ALPHA_aucp_POST_EC_midline;0.52088;Post;Midline;Alpha;EC
3;ALPHA_aucp_POST_EC_midline;0.40392;Post;Midline;Alpha;EC
4;ALPHA_aucp_POST_EC_midline;0.36454000000000003;Post;Midline;Alpha;EC
5;ALPHA_aucp_POST_EC_midline;0.18432;Post;Midline;Alpha;EC
6;ALPHA_aucp_POST_EC_midline;0.21524000000000001;Post;Midline;Alpha;EC
7;ALPHA_aucp_POST_EC_midline;0.14444;Post;Midline;Alpha;EC
8;ALPHA_aucp_POST_EC_midline;0.14494;Post;Midline;Alpha;EC
9;ALPHA_aucp_POST_EC_midline;0.11485999999999999;Post;Midline;Alpha;EC
10;ALPHA_aucp_POST_EC_midline;0.30758;Post;Midline;Alpha;EC
11;ALPHA_aucp_POST_EC_midline;0.1941;Post;Midline;Alpha;EC
12;ALPHA_aucp_POST_EC_midline;0.45103999999999994;Post;Midline;Alpha;EC
13;ALPHA_aucp_POST_EC_midline;0.30244;Post;Midline;Alpha;EC
14;ALPHA_aucp_POST_EC_midline;0.2092;Post;Midline;Alpha;EC
1;THETA_aucp_PRE_EC_midline;0.13004000000000002;Pre;Midline;Theta;EC
2;THETA_aucp_PRE_EC_midline;0.23568000000000003;Pre;Midline;Theta;EC
3;THETA_aucp_PRE_EC_midline;0.16372;Pre;Midline;Theta;EC
4;THETA_aucp_PRE_EC_midline;0.1338;Pre;Midline;Theta;EC
5;THETA_aucp_PRE_EC_midline;0.24518;Pre;Midline;Theta;EC
6;THETA_aucp_PRE_EC_midline;0.38611999999999996;Pre;Midline;Theta;EC
7;THETA_aucp_PRE_EC_midline;0.18752;Pre;Midline;Theta;EC
8;THETA_aucp_PRE_EC_midline;0.21871999999999997;Pre;Midline;Theta;EC
9;THETA_aucp_PRE_EC_midline;0.1403;Pre;Midline;Theta;EC
10;THETA_aucp_PRE_EC_midline;0.1795;Pre;Midline;Theta;EC
11;THETA_aucp_PRE_EC_midline;0.16388;Pre;Midline;Theta;EC
12;THETA_aucp_PRE_EC_midline;0.19824;Pre;Midline;Theta;EC
13;THETA_aucp_PRE_EC_midline;0.2079;Pre;Midline;Theta;EC
14;THETA_aucp_PRE_EC_midline;0.17074;Pre;Midline;Theta;EC
1;THETA_aucp_POST_EC_midline;0.14778;Post;Midline;Theta;EC
2;THETA_aucp_POST_EC_midline;0.11802;Post;Midline;Theta;EC
3;THETA_aucp_POST_EC_midline;0.1853;Post;Midline;Theta;EC
4;THETA_aucp_POST_EC_midline;0.15604;Post;Midline;Theta;EC
5;THETA_aucp_POST_EC_midline;0.21406;Post;Midline;Theta;EC
6;THETA_aucp_POST_EC_midline;0.32276;Post;Midline;Theta;EC
7;THETA_aucp_POST_EC_midline;0.19655999999999998;Post;Midline;Theta;EC
8;THETA_aucp_POST_EC_midline;0.24636;Post;Midline;Theta;EC
9;THETA_aucp_POST_EC_midline;0.12714;Post;Midline;Theta;EC
10;THETA_aucp_POST_EC_midline;0.17952;Post;Midline;Theta;EC
11;THETA_aucp_POST_EC_midline;0.14836;Post;Midline;Theta;EC
12;THETA_aucp_POST_EC_midline;0.1135;Post;Midline;Theta;EC
13;THETA_aucp_POST_EC_midline;0.20115999999999998;Post;Midline;Theta;EC
14;THETA_aucp_POST_EC_midline;0.12964;Post;Midline;Theta;EC
1;DELTA_aucp_PRE_EC_midline;0.1391;Pre;Midline;Delta;EC
2;DELTA_aucp_PRE_EC_midline;0.10638;Pre;Midline;Delta;EC
3;DELTA_aucp_PRE_EC_midline;0.18452000000000002;Pre;Midline;Delta;EC
4;DELTA_aucp_PRE_EC_midline;0.13535999999999998;Pre;Midline;Delta;EC
5;DELTA_aucp_PRE_EC_midline;0.19846;Pre;Midline;Delta;EC
6;DELTA_aucp_PRE_EC_midline;0.24100000000000002;Pre;Midline;Delta;EC
7;DELTA_aucp_PRE_EC_midline;0.21466;Pre;Midline;Delta;EC
8;DELTA_aucp_PRE_EC_midline;0.27302;Pre;Midline;Delta;EC
9;DELTA_aucp_PRE_EC_midline;0.20521999999999999;Pre;Midline;Delta;EC
10;DELTA_aucp_PRE_EC_midline;0.22554000000000002;Pre;Midline;Delta;EC
11;DELTA_aucp_PRE_EC_midline;0.20515999999999998;Pre;Midline;Delta;EC
12;DELTA_aucp_PRE_EC_midline;0.16994;Pre;Midline;Delta;EC
13;DELTA_aucp_PRE_EC_midline;0.16005999999999998;Pre;Midline;Delta;EC
14;DELTA_aucp_PRE_EC_midline;0.24600000000000002;Pre;Midline;Delta;EC
1;DELTA_aucp_POST_EC_midline;0.13254000000000002;Post;Midline;Delta;EC
2;DELTA_aucp_POST_EC_midline;0.10992;Post;Midline;Delta;EC
3;DELTA_aucp_POST_EC_midline;0.20264000000000001;Post;Midline;Delta;EC
4;DELTA_aucp_POST_EC_midline;0.14664000000000002;Post;Midline;Delta;EC
5;DELTA_aucp_POST_EC_midline;0.19416;Post;Midline;Delta;EC
6;DELTA_aucp_POST_EC_midline;0.28054;Post;Midline;Delta;EC
7;DELTA_aucp_POST_EC_midline;0.21434;Post;Midline;Delta;EC
8;DELTA_aucp_POST_EC_midline;0.2542;Post;Midline;Delta;EC
9;DELTA_aucp_POST_EC_midline;0.20964000000000002;Post;Midline;Delta;EC
10;DELTA_aucp_POST_EC_midline;0.19682;Post;Midline;Delta;EC
11;DELTA_aucp_POST_EC_midline;0.1661;Post;Midline;Delta;EC
12;DELTA_aucp_POST_EC_midline;0.1429;Post;Midline;Delta;EC
13;DELTA_aucp_POST_EC_midline;0.15384;Post;Midline;Delta;EC
14;DELTA_aucp_POST_EC_midline;0.21914;Post;Midline;Delta;EC
1;ALPHA_aucp_PRE_EC_parietotemporalPURE;0.500775;Pre;Parietotemporal;Alpha;EC
2;ALPHA_aucp_PRE_EC_parietotemporalPURE;0.6447;Pre;Parietotemporal;Alpha;EC
3;ALPHA_aucp_PRE_EC_parietotemporalPURE;0.533075;Pre;Parietotemporal;Alpha;EC
4;ALPHA_aucp_PRE_EC_parietotemporalPURE;0.38245;Pre;Parietotemporal;Alpha;EC
5;ALPHA_aucp_PRE_EC_parietotemporalPURE;0.199575;Pre;Parietotemporal;Alpha;EC
6;ALPHA_aucp_PRE_EC_parietotemporalPURE;0.24425;Pre;Parietotemporal;Alpha;EC
7;ALPHA_aucp_PRE_EC_parietotemporalPURE;0.1482;Pre;Parietotemporal;Alpha;EC
8;ALPHA_aucp_PRE_EC_parietotemporalPURE;0.199075;Pre;Parietotemporal;Alpha;EC
9;ALPHA_aucp_PRE_EC_parietotemporalPURE;0.157725;Pre;Parietotemporal;Alpha;EC
10;ALPHA_aucp_PRE_EC_parietotemporalPURE;0.240275;Pre;Parietotemporal;Alpha;EC
11;ALPHA_aucp_PRE_EC_parietotemporalPURE;0.180075;Pre;Parietotemporal;Alpha;EC
12;ALPHA_aucp_PRE_EC_parietotemporalPURE;0.34145;Pre;Parietotemporal;Alpha;EC
13;ALPHA_aucp_PRE_EC_parietotemporalPURE;0.297925;Pre;Parietotemporal;Alpha;EC
14;ALPHA_aucp_PRE_EC_parietotemporalPURE;0.197025;Pre;Parietotemporal;Alpha;EC
1;ALPHA_aucp_POST_EC_parietotemporalPURE;0.515825;Post;Parietotemporal;Alpha;EC
2;ALPHA_aucp_POST_EC_parietotemporalPURE;0.50555;Post;Parietotemporal;Alpha;EC
3;ALPHA_aucp_POST_EC_parietotemporalPURE;0.4488;Post;Parietotemporal;Alpha;EC
4;ALPHA_aucp_POST_EC_parietotemporalPURE;0.442625;Post;Parietotemporal;Alpha;EC
5;ALPHA_aucp_POST_EC_parietotemporalPURE;0.23465;Post;Parietotemporal;Alpha;EC
6;ALPHA_aucp_POST_EC_parietotemporalPURE;0.29505;Post;Parietotemporal;Alpha;EC
7;ALPHA_aucp_POST_EC_parietotemporalPURE;0.159025;Post;Parietotemporal;Alpha;EC
8;ALPHA_aucp_POST_EC_parietotemporalPURE;0.180525;Post;Parietotemporal;Alpha;EC
9;ALPHA_aucp_POST_EC_parietotemporalPURE;0.14800000000000002;Post;Parietotemporal;Alpha;EC
10;ALPHA_aucp_POST_EC_parietotemporalPURE;0.394575;Post;Parietotemporal;Alpha;EC
11;ALPHA_aucp_POST_EC_parietotemporalPURE;0.202075;Post;Parietotemporal;Alpha;EC
12;ALPHA_aucp_POST_EC_parietotemporalPURE;0.4456;Post;Parietotemporal;Alpha;EC
13;ALPHA_aucp_POST_EC_parietotemporalPURE;0.32045;Post;Parietotemporal;Alpha;EC
14;ALPHA_aucp_POST_EC_parietotemporalPURE;0.277075;Post;Parietotemporal;Alpha;EC
1;THETA_aucp_PRE_EC_parietotemporalPURE;0.11035;Pre;Parietotemporal;Theta;EC
2;THETA_aucp_PRE_EC_parietotemporalPURE;0.12115;Pre;Parietotemporal;Theta;EC
3;THETA_aucp_PRE_EC_parietotemporalPURE;0.1284;Pre;Parietotemporal;Theta;EC
4;THETA_aucp_PRE_EC_parietotemporalPURE;0.131675;Pre;Parietotemporal;Theta;EC
5;THETA_aucp_PRE_EC_parietotemporalPURE;0.2458;Pre;Parietotemporal;Theta;EC
6;THETA_aucp_PRE_EC_parietotemporalPURE;0.336475;Pre;Parietotemporal;Theta;EC
7;THETA_aucp_PRE_EC_parietotemporalPURE;0.16995;Pre;Parietotemporal;Theta;EC
8;THETA_aucp_PRE_EC_parietotemporalPURE;0.161575;Pre;Parietotemporal;Theta;EC
9;THETA_aucp_PRE_EC_parietotemporalPURE;0.1494;Pre;Parietotemporal;Theta;EC
10;THETA_aucp_PRE_EC_parietotemporalPURE;0.1556;Pre;Parietotemporal;Theta;EC
11;THETA_aucp_PRE_EC_parietotemporalPURE;0.139625;Pre;Parietotemporal;Theta;EC
12;THETA_aucp_PRE_EC_parietotemporalPURE;0.18495;Pre;Parietotemporal;Theta;EC
13;THETA_aucp_PRE_EC_parietotemporalPURE;0.181775;Pre;Parietotemporal;Theta;EC
14;THETA_aucp_PRE_EC_parietotemporalPURE;0.1635;Pre;Parietotemporal;Theta;EC
1;THETA_aucp_POST_EC_parietotemporalPURE;0.127225;Post;Parietotemporal;Theta;EC
2;THETA_aucp_POST_EC_parietotemporalPURE;0.066425;Post;Parietotemporal;Theta;EC
3;THETA_aucp_POST_EC_parietotemporalPURE;0.14385;Post;Parietotemporal;Theta;EC
4;THETA_aucp_POST_EC_parietotemporalPURE;0.129375;Post;Parietotemporal;Theta;EC
5;THETA_aucp_POST_EC_parietotemporalPURE;0.207275;Post;Parietotemporal;Theta;EC
6;THETA_aucp_POST_EC_parietotemporalPURE;0.318575;Post;Parietotemporal;Theta;EC
7;THETA_aucp_POST_EC_parietotemporalPURE;0.177525;Post;Parietotemporal;Theta;EC
8;THETA_aucp_POST_EC_parietotemporalPURE;0.150025;Post;Parietotemporal;Theta;EC
9;THETA_aucp_POST_EC_parietotemporalPURE;0.1315;Post;Parietotemporal;Theta;EC
10;THETA_aucp_POST_EC_parietotemporalPURE;0.146925;Post;Parietotemporal;Theta;EC
11;THETA_aucp_POST_EC_parietotemporalPURE;0.13535;Post;Parietotemporal;Theta;EC
12;THETA_aucp_POST_EC_parietotemporalPURE;0.116625;Post;Parietotemporal;Theta;EC
13;THETA_aucp_POST_EC_parietotemporalPURE;0.1658;Post;Parietotemporal;Theta;EC
14;THETA_aucp_POST_EC_parietotemporalPURE;0.131475;Post;Parietotemporal;Theta;EC
1;DELTA_aucp_PRE_EC_parietotemporalPURE;0.114375;Pre;Parietotemporal;Delta;EC
2;DELTA_aucp_PRE_EC_parietotemporalPURE;0.08875;Pre;Parietotemporal;Delta;EC
3;DELTA_aucp_PRE_EC_parietotemporalPURE;0.1353;Pre;Parietotemporal;Delta;EC
4;DELTA_aucp_PRE_EC_parietotemporalPURE;0.112925;Pre;Parietotemporal;Delta;EC
5;DELTA_aucp_PRE_EC_parietotemporalPURE;0.164875;Pre;Parietotemporal;Delta;EC
6;DELTA_aucp_PRE_EC_parietotemporalPURE;0.2124;Pre;Parietotemporal;Delta;EC
7;DELTA_aucp_PRE_EC_parietotemporalPURE;0.2007;Pre;Parietotemporal;Delta;EC
8;DELTA_aucp_PRE_EC_parietotemporalPURE;0.214825;Pre;Parietotemporal;Delta;EC
9;DELTA_aucp_PRE_EC_parietotemporalPURE;0.174325;Pre;Parietotemporal;Delta;EC
10;DELTA_aucp_PRE_EC_parietotemporalPURE;0.19005;Pre;Parietotemporal;Delta;EC
11;DELTA_aucp_PRE_EC_parietotemporalPURE;0.1875;Pre;Parietotemporal;Delta;EC
12;DELTA_aucp_PRE_EC_parietotemporalPURE;0.1342;Pre;Parietotemporal;Delta;EC
13;DELTA_aucp_PRE_EC_parietotemporalPURE;0.144825;Pre;Parietotemporal;Delta;EC
14;DELTA_aucp_PRE_EC_parietotemporalPURE;0.193975;Pre;Parietotemporal;Delta;EC
1;DELTA_aucp_POST_EC_parietotemporalPURE;0.106825;Post;Parietotemporal;Delta;EC
2;DELTA_aucp_POST_EC_parietotemporalPURE;0.085375;Post;Parietotemporal;Delta;EC
3;DELTA_aucp_POST_EC_parietotemporalPURE;0.1621;Post;Parietotemporal;Delta;EC
4;DELTA_aucp_POST_EC_parietotemporalPURE;0.111025;Post;Parietotemporal;Delta;EC
5;DELTA_aucp_POST_EC_parietotemporalPURE;0.167225;Post;Parietotemporal;Delta;EC
6;DELTA_aucp_POST_EC_parietotemporalPURE;0.187;Post;Parietotemporal;Delta;EC
7;DELTA_aucp_POST_EC_parietotemporalPURE;0.21375;Post;Parietotemporal;Delta;EC
8;DELTA_aucp_POST_EC_parietotemporalPURE;0.1736;Post;Parietotemporal;Delta;EC
9;DELTA_aucp_POST_EC_parietotemporalPURE;0.170625;Post;Parietotemporal;Delta;EC
10;DELTA_aucp_POST_EC_parietotemporalPURE;0.15485;Post;Parietotemporal;Delta;EC
11;DELTA_aucp_POST_EC_parietotemporalPURE;0.142;Post;Parietotemporal;Delta;EC
12;DELTA_aucp_POST_EC_parietotemporalPURE;0.120625;Post;Parietotemporal;Delta;EC
13;DELTA_aucp_POST_EC_parietotemporalPURE;0.1343;Post;Parietotemporal;Delta;EC
14;DELTA_aucp_POST_EC_parietotemporalPURE;0.1655;Post;Parietotemporal;Delta;EC
1;ALPHA_aucp_PRE_EO_midline;0.16422;Pre;Midline;Alpha;EO
2;ALPHA_aucp_PRE_EO_midline;0.26968000000000003;Pre;Midline;Alpha;EO
3;ALPHA_aucp_PRE_EO_midline;0.15052000000000001;Pre;Midline;Alpha;EO
4;ALPHA_aucp_PRE_EO_midline;0.15164;Pre;Midline;Alpha;EO
5;ALPHA_aucp_PRE_EO_midline;0.13352;Pre;Midline;Alpha;EO
6;ALPHA_aucp_PRE_EO_midline;0.2278;Pre;Midline;Alpha;EO
7;ALPHA_aucp_PRE_EO_midline;0.10895999999999999;Pre;Midline;Alpha;EO
8;ALPHA_aucp_PRE_EO_midline;0.09912;Pre;Midline;Alpha;EO
9;ALPHA_aucp_PRE_EO_midline;0.12704000000000001;Pre;Midline;Alpha;EO
10;ALPHA_aucp_PRE_EO_midline;0.14945999999999998;Pre;Midline;Alpha;EO
11;ALPHA_aucp_PRE_EO_midline;0.1846;Pre;Midline;Alpha;EO
12;ALPHA_aucp_PRE_EO_midline;0.24204;Pre;Midline;Alpha;EO
13;ALPHA_aucp_PRE_EO_midline;0.2129;Pre;Midline;Alpha;EO
14;ALPHA_aucp_PRE_EO_midline;0.13862;Pre;Midline;Alpha;EO
1;ALPHA_aucp_POST_EO_midline;0.22632;Post;Midline;Alpha;EO
2;ALPHA_aucp_POST_EO_midline;0.27476;Post;Midline;Alpha;EO
3;ALPHA_aucp_POST_EO_midline;0.19;Post;Midline;Alpha;EO
4;ALPHA_aucp_POST_EO_midline;0.22221999999999997;Post;Midline;Alpha;EO
5;ALPHA_aucp_POST_EO_midline;0.16542;Post;Midline;Alpha;EO
6;ALPHA_aucp_POST_EO_midline;0.2812;Post;Midline;Alpha;EO
7;ALPHA_aucp_POST_EO_midline;0.1122;Post;Midline;Alpha;EO
8;ALPHA_aucp_POST_EO_midline;0.09466000000000001;Post;Midline;Alpha;EO
9;ALPHA_aucp_POST_EO_midline;0.0996;Post;Midline;Alpha;EO
10;ALPHA_aucp_POST_EO_midline;0.1279;Post;Midline;Alpha;EO
11;ALPHA_aucp_POST_EO_midline;0.18734;Post;Midline;Alpha;EO
12;ALPHA_aucp_POST_EO_midline;0.22974;Post;Midline;Alpha;EO
13;ALPHA_aucp_POST_EO_midline;0.21475999999999998;Post;Midline;Alpha;EO
14;ALPHA_aucp_POST_EO_midline;0.14452;Post;Midline;Alpha;EO
1;THETA_aucp_PRE_EO_midline;0.13032;Pre;Midline;Theta;EO
2;THETA_aucp_PRE_EO_midline;0.23485999999999999;Pre;Midline;Theta;EO
3;THETA_aucp_PRE_EO_midline;0.20794;Pre;Midline;Theta;EO
4;THETA_aucp_PRE_EO_midline;0.18295999999999998;Pre;Midline;Theta;EO
5;THETA_aucp_PRE_EO_midline;0.2348;Pre;Midline;Theta;EO
6;THETA_aucp_PRE_EO_midline;0.36501999999999996;Pre;Midline;Theta;EO
7;THETA_aucp_PRE_EO_midline;0.18838;Pre;Midline;Theta;EO
8;THETA_aucp_PRE_EO_midline;0.15532;Pre;Midline;Theta;EO
9;THETA_aucp_PRE_EO_midline;0.15944;Pre;Midline;Theta;EO
10;THETA_aucp_PRE_EO_midline;0.19232;Pre;Midline;Theta;EO
11;THETA_aucp_PRE_EO_midline;0.18792;Pre;Midline;Theta;EO
12;THETA_aucp_PRE_EO_midline;0.2383;Pre;Midline;Theta;EO
13;THETA_aucp_PRE_EO_midline;0.191;Pre;Midline;Theta;EO
14;THETA_aucp_PRE_EO_midline;0.20002;Pre;Midline;Theta;EO
1;THETA_aucp_POST_EO_midline;0.15988;Post;Midline;Theta;EO
2;THETA_aucp_POST_EO_midline;0.16718;Post;Midline;Theta;EO
3;THETA_aucp_POST_EO_midline;0.2089;Post;Midline;Theta;EO
4;THETA_aucp_POST_EO_midline;0.16072;Post;Midline;Theta;EO
5;THETA_aucp_POST_EO_midline;0.24452;Post;Midline;Theta;EO
6;THETA_aucp_POST_EO_midline;0.35338;Post;Midline;Theta;EO
7;THETA_aucp_POST_EO_midline;0.23806;Post;Midline;Theta;EO
8;THETA_aucp_POST_EO_midline;0.19305999999999998;Post;Midline;Theta;EO
9;THETA_aucp_POST_EO_midline;0.12582000000000002;Post;Midline;Theta;EO
10;THETA_aucp_POST_EO_midline;0.19635999999999998;Post;Midline;Theta;EO
11;THETA_aucp_POST_EO_midline;0.1615;Post;Midline;Theta;EO
12;THETA_aucp_POST_EO_midline;0.17484;Post;Midline;Theta;EO
13;THETA_aucp_POST_EO_midline;0.21188;Post;Midline;Theta;EO
14;THETA_aucp_POST_EO_midline;0.17492;Post;Midline;Theta;EO
1;DELTA_aucp_PRE_EO_midline;0.24724000000000002;Pre;Midline;Delta;EO
2;DELTA_aucp_PRE_EO_midline;0.18686;Pre;Midline;Delta;EO
3;DELTA_aucp_PRE_EO_midline;0.30412;Pre;Midline;Delta;EO
4;DELTA_aucp_PRE_EO_midline;0.22851999999999997;Pre;Midline;Delta;EO
5;DELTA_aucp_PRE_EO_midline;0.2174;Pre;Midline;Delta;EO
6;DELTA_aucp_PRE_EO_midline;0.18602;Pre;Midline;Delta;EO
7;DELTA_aucp_PRE_EO_midline;0.26586;Pre;Midline;Delta;EO
8;DELTA_aucp_PRE_EO_midline;0.2451;Pre;Midline;Delta;EO
9;DELTA_aucp_PRE_EO_midline;0.2218;Pre;Midline;Delta;EO
10;DELTA_aucp_PRE_EO_midline;0.25316;Pre;Midline;Delta;EO
11;DELTA_aucp_PRE_EO_midline;0.20412;Pre;Midline;Delta;EO
12;DELTA_aucp_PRE_EO_midline;0.18972;Pre;Midline;Delta;EO
13;DELTA_aucp_PRE_EO_midline;0.19336;Pre;Midline;Delta;EO
14;DELTA_aucp_PRE_EO_midline;0.25454;Pre;Midline;Delta;EO
1;DELTA_aucp_POST_EO_midline;0.23435999999999998;Post;Midline;Delta;EO
2;DELTA_aucp_POST_EO_midline;0.1917;Post;Midline;Delta;EO
3;DELTA_aucp_POST_EO_midline;0.27696;Post;Midline;Delta;EO
4;DELTA_aucp_POST_EO_midline;0.18156;Post;Midline;Delta;EO
5;DELTA_aucp_POST_EO_midline;0.16082;Post;Midline;Delta;EO
6;DELTA_aucp_POST_EO_midline;0.14816;Post;Midline;Delta;EO
7;DELTA_aucp_POST_EO_midline;0.25066;Post;Midline;Delta;EO
8;DELTA_aucp_POST_EO_midline;0.25782;Post;Midline;Delta;EO
9;DELTA_aucp_POST_EO_midline;0.21821999999999997;Post;Midline;Delta;EO
10;DELTA_aucp_POST_EO_midline;0.28086;Post;Midline;Delta;EO
11;DELTA_aucp_POST_EO_midline;0.1837;Post;Midline;Delta;EO
12;DELTA_aucp_POST_EO_midline;0.22364;Post;Midline;Delta;EO
13;DELTA_aucp_POST_EO_midline;0.1683;Post;Midline;Delta;EO
14;DELTA_aucp_POST_EO_midline;0.23836;Post;Midline;Delta;EO
1;ALPHA_aucp_PRE_EO_parietotemporalPURE;0.1928;Pre;Parietotemporal;Alpha;EO
2;ALPHA_aucp_PRE_EO_parietotemporalPURE;0.35205;Pre;Parietotemporal;Alpha;EO
3;ALPHA_aucp_PRE_EO_parietotemporalPURE;0.220225;Pre;Parietotemporal;Alpha;EO
4;ALPHA_aucp_PRE_EO_parietotemporalPURE;0.195325;Pre;Parietotemporal;Alpha;EO
5;ALPHA_aucp_PRE_EO_parietotemporalPURE;0.158325;Pre;Parietotemporal;Alpha;EO
6;ALPHA_aucp_PRE_EO_parietotemporalPURE;0.273975;Pre;Parietotemporal;Alpha;EO
7;ALPHA_aucp_PRE_EO_parietotemporalPURE;0.124125;Pre;Parietotemporal;Alpha;EO
8;ALPHA_aucp_PRE_EO_parietotemporalPURE;0.144175;Pre;Parietotemporal;Alpha;EO
9;ALPHA_aucp_PRE_EO_parietotemporalPURE;0.151325;Pre;Parietotemporal;Alpha;EO
10;ALPHA_aucp_PRE_EO_parietotemporalPURE;0.162175;Pre;Parietotemporal;Alpha;EO
11;ALPHA_aucp_PRE_EO_parietotemporalPURE;0.20755;Pre;Parietotemporal;Alpha;EO
12;ALPHA_aucp_PRE_EO_parietotemporalPURE;0.26125;Pre;Parietotemporal;Alpha;EO
13;ALPHA_aucp_PRE_EO_parietotemporalPURE;0.219075;Pre;Parietotemporal;Alpha;EO
14;ALPHA_aucp_PRE_EO_parietotemporalPURE;0.1611;Pre;Parietotemporal;Alpha;EO
1;ALPHA_aucp_POST_EO_parietotemporalPURE;0.276575;Post;Parietotemporal;Alpha;EO
2;ALPHA_aucp_POST_EO_parietotemporalPURE;0.269375;Post;Parietotemporal;Alpha;EO
3;ALPHA_aucp_POST_EO_parietotemporalPURE;0.2071;Post;Parietotemporal;Alpha;EO
4;ALPHA_aucp_POST_EO_parietotemporalPURE;0.27125;Post;Parietotemporal;Alpha;EO
5;ALPHA_aucp_POST_EO_parietotemporalPURE;0.165175;Post;Parietotemporal;Alpha;EO
6;ALPHA_aucp_POST_EO_parietotemporalPURE;0.306125;Post;Parietotemporal;Alpha;EO
7;ALPHA_aucp_POST_EO_parietotemporalPURE;0.11575;Post;Parietotemporal;Alpha;EO
8;ALPHA_aucp_POST_EO_parietotemporalPURE;0.081125;Post;Parietotemporal;Alpha;EO
9;ALPHA_aucp_POST_EO_parietotemporalPURE;0.121975;Post;Parietotemporal;Alpha;EO
10;ALPHA_aucp_POST_EO_parietotemporalPURE;0.12405;Post;Parietotemporal;Alpha;EO
11;ALPHA_aucp_POST_EO_parietotemporalPURE;0.17245;Post;Parietotemporal;Alpha;EO
12;ALPHA_aucp_POST_EO_parietotemporalPURE;0.25785;Post;Parietotemporal;Alpha;EO
13;ALPHA_aucp_POST_EO_parietotemporalPURE;0.22215;Post;Parietotemporal;Alpha;EO
14;ALPHA_aucp_POST_EO_parietotemporalPURE;0.1687;Post;Parietotemporal;Alpha;EO
1;THETA_aucp_PRE_EO_parietotemporalPURE;0.115625;Pre;Parietotemporal;Theta;EO
2;THETA_aucp_PRE_EO_parietotemporalPURE;0.150125;Pre;Parietotemporal;Theta;EO
3;THETA_aucp_PRE_EO_parietotemporalPURE;0.188275;Pre;Parietotemporal;Theta;EO
4;THETA_aucp_PRE_EO_parietotemporalPURE;0.1604;Pre;Parietotemporal;Theta;EO
5;THETA_aucp_PRE_EO_parietotemporalPURE;0.248825;Pre;Parietotemporal;Theta;EO
6;THETA_aucp_PRE_EO_parietotemporalPURE;0.324625;Pre;Parietotemporal;Theta;EO
7;THETA_aucp_PRE_EO_parietotemporalPURE;0.17185;Pre;Parietotemporal;Theta;EO
8;THETA_aucp_PRE_EO_parietotemporalPURE;0.149625;Pre;Parietotemporal;Theta;EO
9;THETA_aucp_PRE_EO_parietotemporalPURE;0.15815;Pre;Parietotemporal;Theta;EO
10;THETA_aucp_PRE_EO_parietotemporalPURE;0.1713;Pre;Parietotemporal;Theta;EO
11;THETA_aucp_PRE_EO_parietotemporalPURE;0.175875;Pre;Parietotemporal;Theta;EO
12;THETA_aucp_PRE_EO_parietotemporalPURE;0.22399999999999998;Pre;Parietotemporal;Theta;EO
13;THETA_aucp_PRE_EO_parietotemporalPURE;0.17135;Pre;Parietotemporal;Theta;EO
14;THETA_aucp_PRE_EO_parietotemporalPURE;0.1848;Pre;Parietotemporal;Theta;EO
1;THETA_aucp_POST_EO_parietotemporalPURE;0.13805;Post;Parietotemporal;Theta;EO
2;THETA_aucp_POST_EO_parietotemporalPURE;0.094175;Post;Parietotemporal;Theta;EO
3;THETA_aucp_POST_EO_parietotemporalPURE;0.181725;Post;Parietotemporal;Theta;EO
4;THETA_aucp_POST_EO_parietotemporalPURE;0.135475;Post;Parietotemporal;Theta;EO
5;THETA_aucp_POST_EO_parietotemporalPURE;0.237075;Post;Parietotemporal;Theta;EO
6;THETA_aucp_POST_EO_parietotemporalPURE;0.29955;Post;Parietotemporal;Theta;EO
7;THETA_aucp_POST_EO_parietotemporalPURE;0.2038;Post;Parietotemporal;Theta;EO
8;THETA_aucp_POST_EO_parietotemporalPURE;0.0892;Post;Parietotemporal;Theta;EO
9;THETA_aucp_POST_EO_parietotemporalPURE;0.1247;Post;Parietotemporal;Theta;EO
10;THETA_aucp_POST_EO_parietotemporalPURE;0.163;Post;Parietotemporal;Theta;EO
11;THETA_aucp_POST_EO_parietotemporalPURE;0.133725;Post;Parietotemporal;Theta;EO
12;THETA_aucp_POST_EO_parietotemporalPURE;0.170725;Post;Parietotemporal;Theta;EO
13;THETA_aucp_POST_EO_parietotemporalPURE;0.1804;Post;Parietotemporal;Theta;EO
14;THETA_aucp_POST_EO_parietotemporalPURE;0.17225;Post;Parietotemporal;Theta;EO
1;DELTA_aucp_PRE_EO_parietotemporalPURE;0.216975;Pre;Parietotemporal;Delta;EO
2;DELTA_aucp_PRE_EO_parietotemporalPURE;0.16065;Pre;Parietotemporal;Delta;EO
3;DELTA_aucp_PRE_EO_parietotemporalPURE;0.23725;Pre;Parietotemporal;Delta;EO
4;DELTA_aucp_PRE_EO_parietotemporalPURE;0.1893;Pre;Parietotemporal;Delta;EO
5;DELTA_aucp_PRE_EO_parietotemporalPURE;0.178675;Pre;Parietotemporal;Delta;EO
6;DELTA_aucp_PRE_EO_parietotemporalPURE;0.17555;Pre;Parietotemporal;Delta;EO
7;DELTA_aucp_PRE_EO_parietotemporalPURE;0.247975;Pre;Parietotemporal;Delta;EO
8;DELTA_aucp_PRE_EO_parietotemporalPURE;0.22125;Pre;Parietotemporal;Delta;EO
9;DELTA_aucp_PRE_EO_parietotemporalPURE;0.191625;Pre;Parietotemporal;Delta;EO
10;DELTA_aucp_PRE_EO_parietotemporalPURE;0.22155;Pre;Parietotemporal;Delta;EO
11;DELTA_aucp_PRE_EO_parietotemporalPURE;0.17265;Pre;Parietotemporal;Delta;EO
12;DELTA_aucp_PRE_EO_parietotemporalPURE;0.159175;Pre;Parietotemporal;Delta;EO
13;DELTA_aucp_PRE_EO_parietotemporalPURE;0.1641;Pre;Parietotemporal;Delta;EO
14;DELTA_aucp_PRE_EO_parietotemporalPURE;0.212825;Pre;Parietotemporal;Delta;EO
1;DELTA_aucp_POST_EO_parietotemporalPURE;0.20095;Post;Parietotemporal;Delta;EO
2;DELTA_aucp_POST_EO_parietotemporalPURE;0.130775;Post;Parietotemporal;Delta;EO
3;DELTA_aucp_POST_EO_parietotemporalPURE;0.240075;Post;Parietotemporal;Delta;EO
4;DELTA_aucp_POST_EO_parietotemporalPURE;0.15025;Post;Parietotemporal;Delta;EO
5;DELTA_aucp_POST_EO_parietotemporalPURE;0.15975;Post;Parietotemporal;Delta;EO
6;DELTA_aucp_POST_EO_parietotemporalPURE;0.131;Post;Parietotemporal;Delta;EO
7;DELTA_aucp_POST_EO_parietotemporalPURE;0.248575;Post;Parietotemporal;Delta;EO
8;DELTA_aucp_POST_EO_parietotemporalPURE;0.18100000000000002;Post;Parietotemporal;Delta;EO
9;DELTA_aucp_POST_EO_parietotemporalPURE;0.1871;Post;Parietotemporal;Delta;EO
10;DELTA_aucp_POST_EO_parietotemporalPURE;0.2255;Post;Parietotemporal;Delta;EO
11;DELTA_aucp_POST_EO_parietotemporalPURE;0.152475;Post;Parietotemporal;Delta;EO
12;DELTA_aucp_POST_EO_parietotemporalPURE;0.1739;Post;Parietotemporal;Delta;EO
13;DELTA_aucp_POST_EO_parietotemporalPURE;0.153625;Post;Parietotemporal;Delta;EO
14;DELTA_aucp_POST_EO_parietotemporalPURE;0.180975;Post;Parietotemporal;Delta;EO
